<differences>
	<difference>
		<className>net/sf/jasperreports/engine/util/JRLoader</className>
		<differenceType>7002</differenceType>
		<method>*loadToMemoryInputStream(java.io.InputStream)</method>
	</difference>
	<difference>
		<className>net/sf/jasperreports/util/JacksonUtil</className>
		<differenceType>7002</differenceType>
		<method>*getEscapedJsonString(java.lang.Object)</method>
	</difference>
	<difference>
		<className>net/sf/jasperreports/repo/JasperDesignCache</className>
		<differenceType>7004</differenceType>
		<method>* ensureJasperDesign(net.sf.jasperreports.repo.JasperDesignReportResource)</method>
	</difference>
	<difference>
		<className>net/sf/jasperreports/j2ee/servlets/Xml4SwfServlet</className>
		<differenceType>8001</differenceType>
	</difference>
	<difference>
		<className>net/sf/jasperreports/export/pdf/classic/Classic*</className>
		<differenceType>7002</differenceType>
		<method>*IText*</method>
	</difference>
	<difference>
		<className>net/sf/jasperreports/export/*ExporterConfiguration</className>
		<differenceType>7012</differenceType>
		<method>*getEncryptionPassword()</method>
	</difference>
	<difference>
		<className>net/sf/jasperreports/export/XlsReportConfiguration</className>
		<differenceType>7012</differenceType>
		<method>*isAutoFitRow()</method>
	</difference>
	<difference>
		<className>net/sf/jasperreports/export/HtmlReportConfiguration</className>
		<differenceType>7012</differenceType>
		<method>*forceEmbedImage(*)</method>
	</difference>
	<difference>
		<className>net/sf/jasperreports/engine/xml/JRXmlWriter</className>
		<differenceType>7005</differenceType>
		<method>*writeElementDataset(net.sf.jasperreports.engine.JRElementDataset, net.sf.jasperreports.engine.type.ResetTypeEnum, boolean)</method>
		<to>*writeElementDataset(net.sf.jasperreports.engine.JRElementDataset, net.sf.jasperreports.engine.type.DatasetResetTypeEnum, boolean)</to>
	</difference>
	<difference>
		<className>net/sf/jasperreports/engine/xml/JRXmlTemplateDigesterFactory</className>
		<differenceType>6011</differenceType>
		<field>PATTERN_STYLE_PEN</field>
	</difference>
	<difference>
		<className>net/sf/jasperreports/engine/util/xml/Xalan*</className>
		<differenceType>8001</differenceType>
	</difference>
	<difference>
		<className>net/sf/jasperreports/engine/query/Xalan*</className>
		<differenceType>8001</differenceType>
	</difference>
	<difference>
		<className>net/sf/jasperreports/engine/query/JaxenXPathQueryExecuterFactory</className>
		<differenceType>6011</differenceType>
		<field>PARAMETER_*</field>
	</difference>
	<difference>
		<className>net/sf/jasperreports/engine/query/JaxenXPathQueryExecuterFactory</className>
		<differenceType>6011</differenceType>
		<field>XML_*</field>
	</difference>
	<difference>
		<className>net/sf/jasperreports/engine/fill/SimpleTextLineWrapper</className>
		<differenceType>6001</differenceType>
		<field>simpleLayoutBlocks</field>
	</difference>
	<difference>
		<className>net/sf/jasperreports/engine/fill/SimpleTextLineWrapper</className>
		<differenceType>6011</differenceType>
		<field>COMPEX_LAYOUT_*</field>
	</difference>
	<difference>
		<className>net/sf/jasperreports/engine/fill/OffsetElementsIterator</className>
		<differenceType>8001</differenceType>
	</difference>
	<difference>
		<className>net/sf/jasperreports/engine/fill/JRPrintBand</className>
		<differenceType>7002</differenceType>
		<method>*iterateElements()</method>
	</difference>
	<difference>
		<className>net/sf/jasperreports/engine/fill/JRFillTextElement</className>
		<differenceType>7002</differenceType>
		<method>*CutParagraphToContinueInOverflow(*)</method>
	</difference>
	<difference>
		<className>net/sf/jasperreports/engine/fill/JRFillElementDataset</className>
		<differenceType>7002</differenceType>
		<method>*getResetTypeValue()</method>
	</difference>
	<difference>
		<className>net/sf/jasperreports/engine/export/ooxml/XlsxStyleInfo</className>
		<differenceType>7002</differenceType>
		<method>*getId()</method>
	</difference>
	<difference>
		<className>net/sf/jasperreports/engine/export/ooxml/XlsxStyleInfo</className>
		<differenceType>7004</differenceType>
		<method>*XlsxStyleInfo(*)</method>
	</difference>
	<difference>
		<className>net/sf/jasperreports/engine/export/ooxml/XlsxStyleHelper</className>
		<differenceType>7004</differenceType>
		<method>*getCellStyle(*)</method>
	</difference>
	<difference>
		<className>net/sf/jasperreports/engine/export/ooxml/XlsxSheetHelper</className>
		<differenceType>7004</differenceType>
		<method>*exportFooter(*)</method>
	</difference>
	<difference>
		<className>net/sf/jasperreports/engine/export/ooxml/XlsxFontInfo</className>
		<differenceType>7002</differenceType>
		<method>*getId()</method>
	</difference>
	<difference>
		<className>net/sf/jasperreports/engine/export/ooxml/XlsxFontInfo</className>
		<differenceType>7005</differenceType>
		<method>*XlsxFontInfo(*)</method>
		<to>*XlsxFontInfo(*)</to>
	</difference>
	<difference>
		<className>net/sf/jasperreports/engine/export/ooxml/XlsxCellHelper</className>
		<differenceType>7004</differenceType>
		<method>*exportHeader(*)</method>
	</difference>
	<difference>
		<className>net/sf/jasperreports/engine/export/ooxml/XlsxCellHelper</className>
		<differenceType>7005</differenceType>
		<method>*exportHeader(*)</method>
		<to>*exportHeader(*)</to>
	</difference>
	<difference>
		<className>net/sf/jasperreports/engine/export/ooxml/XlsxBorderInfo</className>
		<differenceType>7002</differenceType>
		<method>*getId()</method>
	</difference>
	<difference>
		<className>net/sf/jasperreports/engine/export/ooxml/XlsxBorderInfo</className>
		<differenceType>6001</differenceType>
		<field>*border*</field>
	</difference>
	<difference>
		<className>net/sf/jasperreports/engine/export/ooxml/XlsxBorderInfo</className>
		<differenceType>6004</differenceType>
		<field>*_BORDER</field>
		<from>int</from>
		<to>java.lang.String</to>
	</difference>
	<difference>
		<className>net/sf/jasperreports/engine/export/ooxml/XlsxBorderInfo</className>
		<differenceType>6001</differenceType>
		<field>BORDER</field>
	</difference>
	<difference>
		<className>net/sf/jasperreports/engine/export/JRXml4SwfExporter</className>
		<differenceType>8001</differenceType>
	</difference>
	<difference>
		<className>net/sf/jasperreports/engine/export/JRXlsMetadataExporter</className>
		<differenceType>6001</differenceType>
		<field>CURRENT_ROW_HEIGHT</field>
	</difference>
	<difference>
		<className>net/sf/jasperreports/engine/export/JRXlsAbstractMetadataExporter</className>
		<differenceType>6011</differenceType>
		<field>PROPERTY_*</field>
	</difference>
	<difference>
		<className>net/sf/jasperreports/engine/export/JRXlsAbstractExporter$*</className>
		<differenceType>8001</differenceType>
	</difference>
	<difference>
		<className>net/sf/jasperreports/engine/export/JRXlsAbstractExporter</className>
		<differenceType>7002</differenceType>
		<method>*getTextAlignHolder(net.sf.jasperreports.engine.JRPrintText)</method>
	</difference>
	<difference>
		<className>net/sf/jasperreports/engine/export/JRXlsAbstractExporter</className>
		<differenceType>6001</differenceType>
		<field>*</field>
	</difference>
	<difference>
		<className>net/sf/jasperreports/engine/export/JRXlsAbstractExporter</className>
		<differenceType>6011</differenceType>
		<field>*</field>
	</difference>
	<difference>
		<className>net/sf/jasperreports/engine/export/AbstractTextRenderer</className>
		<differenceType>6001</differenceType>
		<field>isLastParagraph</field>
	</difference>
	<difference>
		<className>net/sf/jasperreports/engine/design/JRDesignQuery</className>
		<differenceType>7002</differenceType>
		<method>*addClauseChunk(java.lang.String[])</method>
	</difference>
	<difference>
		<className>net/sf/jasperreports/engine/design/JRDesignElementDataset</className>
		<differenceType>7002</differenceType>
		<method>*setResetType(net.sf.jasperreports.engine.type.ResetTypeEnum)</method>
	</difference>
	<difference>
		<className>net/sf/jasperreports/engine/data/XalanXmlDataSource</className>
		<differenceType>8001</differenceType>
	</difference>
	<difference>
		<className>net/sf/jasperreports/engine/base/JRBaseElementDataset</className>
		<differenceType>7002</differenceType>
		<method>*getResetTypeValue()</method>
	</difference>
	<difference>
		<className>net/sf/jasperreports/engine/base/ElementStore</className>
		<differenceType>7012</differenceType>
		<method>*transferElements(java.util.function.Consumer)</method>
	</difference>
	<difference>
		<className>net/sf/jasperreports/engine/base/ElementStore</className>
		<differenceType>7012</differenceType>
		<method>*updateContext(net.sf.jasperreports.engine.fill.JRVirtualizationContext, net.sf.jasperreports.engine.base.JRVirtualPrintPage)</method>
	</difference>
	<difference>
		<className>net/sf/jasperreports/engine/JRVirtualizer</className>
		<differenceType>7012</differenceType>
		<method>*contextChanged(net.sf.jasperreports.engine.JRVirtualizable, net.sf.jasperreports.engine.fill.JRVirtualizationContext)</method>
	</difference>
	<difference>
		<className>net/sf/jasperreports/engine/JRScriptlet</className>
		<differenceType>7012</differenceType>
		<method>*getPropertyExpressions()</method>
	</difference>
	<difference>
		<className>net/sf/jasperreports/engine/JR*</className>
		<differenceType>7012</differenceType>
		<method>*populateStyle()</method>
	</difference>
	<difference>
		<className>net/sf/jasperreports/engine/JRExpression</className>
		<differenceType>7012</differenceType>
		<method>*isInterpreted()</method>
	</difference>
	<difference>
		<className>net/sf/jasperreports/components/table/Row</className>
		<differenceType>7012</differenceType>
		<method>*getSplitType()</method>
	</difference>
	<difference>
		<className>net/sf/jasperreports/engine/JRElementDataset</className>
		<differenceType>7002</differenceType>
		<method>*getResetTypeValue()</method>
	</difference>
	<difference>
		<className>net/sf/jasperreports/components/map/MapElementImageProvider</className>
		<differenceType>8001</differenceType>
	</difference>
	<difference>
		<className>net/sf/jasperreports/components/map/MapComponent</className>
		<differenceType>7012</differenceType>
		<method>*getMarker*</method>
	</difference>
	<difference>
		<className>net/sf/jasperreports/compilers/StandardExpressionEvaluators$*</className>
		<differenceType>8001</differenceType>
	</difference>
	<difference>
		<className>net/sf/jasperreports/compilers/StandardExpressionEvaluators</className>
		<differenceType>7002</differenceType>
		<method>*filterValue(java.lang.Object, java.lang.Class)</method>
	</difference>
	<difference>
		<className>net/sf/jasperreports/ant/JavaflowRewriteTask</className>
		<differenceType>5001</differenceType>
		<to>org/apache/commons/javaflow/ant/AntRewriteTask</to>
	</difference>
</differences>
